date,open,high,low,close,volume
2025-12-12 09:15:00+05:30,966.0,967.0,964.2,965.2,132584
2025-12-12 09:20:00+05:30,965.2,965.6,963.2,964.1,90043
2025-12-12 09:25:00+05:30,964.1,964.1,962.1,963.4,75913
2025-12-12 09:30:00+05:30,963.6,964.9,963.25,963.6,69178
2025-12-12 09:35:00+05:30,963.8,964.0,962.5,963.05,68379
2025-12-12 09:40:00+05:30,963.1,963.2,962.1,962.85,82247
2025-12-12 09:45:00+05:30,962.9,963.35,962.4,962.7,87046
2025-12-12 09:50:00+05:30,962.65,963.0,962.25,962.35,75147
2025-12-12 09:55:00+05:30,962.35,962.8,961.2,961.3,72883
2025-12-12 10:00:00+05:30,961.25,962.3,961.2,962.2,51497
2025-12-12 10:05:00+05:30,962.4,962.6,961.25,961.6,38403
2025-12-12 10:10:00+05:30,961.55,962.0,960.4,960.65,91882
2025-12-12 10:15:00+05:30,960.75,961.7,960.65,961.35,65836
2025-12-12 10:20:00+05:30,961.4,961.5,959.25,959.55,111420
2025-12-12 10:25:00+05:30,959.4,960.0,958.15,959.4,84818
2025-12-12 10:30:00+05:30,959.4,960.25,959.4,960.0,30058
2025-12-12 10:35:00+05:30,959.85,960.2,958.3,958.8,39587
2025-12-12 10:40:00+05:30,958.3,959.05,958.0,958.6,45591
2025-12-12 10:45:00+05:30,958.75,959.45,958.25,958.3,30781
2025-12-12 10:50:00+05:30,958.25,959.45,958.1,959.15,22393
2025-12-12 10:55:00+05:30,959.1,959.8,958.6,958.7,31609
2025-12-12 11:00:00+05:30,958.9,960.0,958.5,959.85,22195
2025-12-12 11:05:00+05:30,959.65,960.15,959.4,960.0,36687
2025-12-12 11:10:00+05:30,959.95,960.0,959.55,959.7,31671
2025-12-12 11:15:00+05:30,959.6,960.0,959.5,959.75,31515
2025-12-12 11:20:00+05:30,959.75,962.0,959.65,961.55,66289
2025-12-12 11:25:00+05:30,961.55,961.6,960.75,961.35,48841
2025-12-12 11:30:00+05:30,961.4,962.0,961.15,961.85,36136
2025-12-12 11:35:00+05:30,961.95,962.0,961.15,961.2,46004
2025-12-12 11:40:00+05:30,961.35,961.6,960.95,961.35,45679
2025-12-12 11:45:00+05:30,961.3,961.4,960.95,961.0,33002
2025-12-12 11:50:00+05:30,961.3,962.0,960.75,961.8,33452
2025-12-12 11:55:00+05:30,961.9,962.0,961.3,961.6,26944
2025-12-12 12:00:00+05:30,961.35,962.0,961.35,961.85,27203
2025-12-12 12:05:00+05:30,961.65,961.8,960.25,960.65,45350
2025-12-12 12:10:00+05:30,960.8,961.2,960.45,961.0,104357
2025-12-12 12:15:00+05:30,960.9,961.0,960.65,960.85,26312
2025-12-12 12:20:00+05:30,960.85,961.5,960.65,961.5,39315
2025-12-12 12:25:00+05:30,961.45,961.9,960.9,961.4,71916
2025-12-12 12:30:00+05:30,961.4,961.9,961.2,961.9,42088
2025-12-12 12:35:00+05:30,961.9,962.0,961.7,961.7,36390
2025-12-12 12:40:00+05:30,961.65,962.0,961.0,961.05,66649
2025-12-12 12:45:00+05:30,961.2,961.2,960.0,960.75,59235
2025-12-12 12:50:00+05:30,960.75,961.15,960.55,961.0,32604
2025-12-12 12:55:00+05:30,961.0,961.05,960.75,961.0,30969
2025-12-12 13:00:00+05:30,960.9,961.05,960.5,961.0,31093
2025-12-12 13:05:00+05:30,961.0,961.05,960.5,960.75,33009
2025-12-12 13:10:00+05:30,960.8,961.1,960.6,961.1,42444
2025-12-12 13:15:00+05:30,960.85,961.0,960.75,960.85,29902
2025-12-12 13:20:00+05:30,960.9,961.0,960.75,960.8,29300
2025-12-12 13:25:00+05:30,960.8,961.2,960.75,960.9,29828
2025-12-12 13:30:00+05:30,961.0,961.1,960.75,960.9,52448
2025-12-12 13:35:00+05:30,961.0,961.05,960.45,960.8,49688
2025-12-12 13:40:00+05:30,960.9,961.05,960.65,960.8,32887
2025-12-12 13:45:00+05:30,960.8,961.25,960.7,961.15,48519
2025-12-12 13:50:00+05:30,961.0,961.2,960.65,960.95,38715
2025-12-12 13:55:00+05:30,960.95,961.05,960.7,961.05,27328
2025-12-12 14:00:00+05:30,961.0,961.3,960.65,961.0,936550
2025-12-12 14:05:00+05:30,961.0,961.35,960.6,960.95,112210
2025-12-12 14:10:00+05:30,960.9,961.8,960.75,961.2,151422
2025-12-12 14:15:00+05:30,961.0,961.35,960.8,961.0,59087
2025-12-12 14:20:00+05:30,961.0,961.15,960.8,960.8,70243
2025-12-12 14:25:00+05:30,960.95,961.45,960.8,961.0,344041
2025-12-12 14:30:00+05:30,961.1,961.4,960.95,961.2,64988
2025-12-12 14:35:00+05:30,961.05,961.2,960.4,960.45,121916
2025-12-12 14:40:00+05:30,960.5,961.5,960.45,961.4,84531
2025-12-12 14:45:00+05:30,961.4,961.5,961.3,961.4,40716
2025-12-12 14:50:00+05:30,961.35,961.5,961.25,961.4,26646
2025-12-12 14:55:00+05:30,961.45,961.85,961.3,961.7,45398
2025-12-12 15:00:00+05:30,961.8,961.9,961.6,961.65,79687
2025-12-12 15:05:00+05:30,961.65,964.0,961.45,963.5,167615
2025-12-12 15:10:00+05:30,963.5,963.95,963.25,963.6,120625
2025-12-12 15:15:00+05:30,963.7,963.85,963.5,963.75,135498
2025-12-12 15:20:00+05:30,963.75,963.9,962.85,963.6,126898
2025-12-12 15:25:00+05:30,963.65,963.85,962.6,962.6,98324
2025-12-15 09:15:00+05:30,957.25,962.4,957.25,960.4,152554
2025-12-15 09:20:00+05:30,960.35,960.45,958.7,959.4,63036
2025-12-15 09:25:00+05:30,959.1,961.05,959.05,960.95,42030
2025-12-15 09:30:00+05:30,960.9,961.8,960.0,960.1,73260
2025-12-15 09:35:00+05:30,960.0,960.2,959.0,959.0,40361
2025-12-15 09:40:00+05:30,959.0,959.75,958.55,959.1,27884
2025-12-15 09:45:00+05:30,959.2,959.5,958.8,958.8,18524
2025-12-15 09:50:00+05:30,958.8,959.4,958.5,959.1,27794
2025-12-15 09:55:00+05:30,959.2,959.4,958.35,958.8,35725
2025-12-15 10:00:00+05:30,958.6,958.85,958.2,958.55,31758
2025-12-15 10:05:00+05:30,958.55,960.7,958.15,959.4,50563
2025-12-15 10:10:00+05:30,959.4,959.65,958.55,959.45,27635
2025-12-15 10:15:00+05:30,959.45,960.05,959.05,960.0,28351
2025-12-15 10:20:00+05:30,960.0,960.0,959.1,959.9,70154
2025-12-15 10:25:00+05:30,960.0,960.4,959.75,960.25,40132
2025-12-15 10:30:00+05:30,960.25,961.15,960.25,960.85,30590
2025-12-15 10:35:00+05:30,960.9,960.9,959.0,959.35,37943
2025-12-15 10:40:00+05:30,959.35,959.7,958.6,959.15,38045
2025-12-15 10:45:00+05:30,959.4,960.75,959.0,960.75,27547
2025-12-15 10:50:00+05:30,960.75,961.0,960.0,961.0,21013
2025-12-15 10:55:00+05:30,961.0,961.0,960.1,960.6,30331
2025-12-15 11:00:00+05:30,960.6,960.9,960.2,960.8,28692
2025-12-15 11:05:00+05:30,960.8,961.05,960.25,960.9,30748
2025-12-15 11:10:00+05:30,960.95,960.95,960.15,960.75,31702
2025-12-15 11:15:00+05:30,960.8,961.45,960.2,960.55,29943
2025-12-15 11:20:00+05:30,960.85,960.85,959.7,959.95,18563
2025-12-15 11:25:00+05:30,960.0,960.4,960.0,960.35,18282
2025-12-15 11:30:00+05:30,960.4,960.5,960.1,960.3,15931
2025-12-15 11:35:00+05:30,960.3,960.55,960.1,960.25,14972
2025-12-15 11:40:00+05:30,960.15,960.35,960.1,960.25,13493
2025-12-15 11:45:00+05:30,960.3,965.3,960.1,963.9,300725
2025-12-15 11:50:00+05:30,963.9,967.5,963.85,965.75,191394
2025-12-15 11:55:00+05:30,966.1,968.0,966.0,968.0,86468
2025-12-15 12:00:00+05:30,968.0,968.85,967.65,968.0,107814
2025-12-15 12:05:00+05:30,968.0,968.65,967.15,968.0,74083
2025-12-15 12:10:00+05:30,968.0,968.0,966.45,967.0,69799
2025-12-15 12:15:00+05:30,966.7,967.3,966.0,966.1,50259
2025-12-15 12:20:00+05:30,966.15,966.55,966.0,966.4,76040
2025-12-15 12:25:00+05:30,966.4,966.6,965.45,965.65,72329
2025-12-15 12:30:00+05:30,965.65,966.7,965.65,966.1,45737
2025-12-15 12:35:00+05:30,966.4,966.6,965.9,966.3,34720
2025-12-15 12:40:00+05:30,966.3,966.45,965.6,965.8,38228
2025-12-15 12:45:00+05:30,965.8,965.9,964.9,965.25,42380
2025-12-15 12:50:00+05:30,965.05,966.45,965.05,966.1,40957
2025-12-15 12:55:00+05:30,966.1,966.45,965.7,966.45,38775
2025-12-15 13:00:00+05:30,966.45,966.8,966.0,966.65,41709
2025-12-15 13:05:00+05:30,966.7,967.5,966.6,967.25,51147
2025-12-15 13:10:00+05:30,967.2,967.5,966.7,967.35,42633
2025-12-15 13:15:00+05:30,967.45,968.0,967.05,967.75,65071
2025-12-15 13:20:00+05:30,967.8,967.85,966.75,967.5,58204
2025-12-15 13:25:00+05:30,967.5,967.75,966.45,967.6,56498
2025-12-15 13:30:00+05:30,967.55,967.7,967.15,967.5,44834
2025-12-15 13:35:00+05:30,967.35,967.65,967.0,967.2,42685
2025-12-15 13:40:00+05:30,967.4,967.5,967.0,967.15,55230
2025-12-15 13:45:00+05:30,967.15,967.3,967.0,967.25,39781
2025-12-15 13:50:00+05:30,967.05,967.75,967.0,967.5,40902
2025-12-15 13:55:00+05:30,967.5,967.7,967.0,967.2,39861
2025-12-15 14:00:00+05:30,967.2,967.55,967.0,967.4,42729
2025-12-15 14:05:00+05:30,967.35,967.5,965.85,966.05,94424
2025-12-15 14:10:00+05:30,965.9,966.3,965.4,965.6,130794
2025-12-15 14:15:00+05:30,965.8,966.45,965.35,966.4,39424
2025-12-15 14:20:00+05:30,966.45,966.95,966.05,966.75,44630
2025-12-15 14:25:00+05:30,966.75,966.95,966.0,966.1,44864
2025-12-15 14:30:00+05:30,966.1,967.35,966.0,967.05,86096
2025-12-15 14:35:00+05:30,967.2,967.5,967.0,967.4,40059
2025-12-15 14:40:00+05:30,967.4,968.5,967.0,968.3,67938
2025-12-15 14:45:00+05:30,968.2,968.5,966.95,967.25,159867
2025-12-15 14:50:00+05:30,967.25,967.4,967.0,967.25,38828
2025-12-15 14:55:00+05:30,967.3,967.4,966.5,966.8,57025
2025-12-15 15:00:00+05:30,966.85,968.0,966.85,967.1,79176
2025-12-15 15:05:00+05:30,967.2,967.7,967.0,967.7,66304
2025-12-15 15:10:00+05:30,967.7,967.85,967.1,967.3,112232
2025-12-15 15:15:00+05:30,967.3,967.55,967.0,967.25,98279
2025-12-15 15:20:00+05:30,967.25,967.3,967.0,967.1,101878
2025-12-15 15:25:00+05:30,967.1,967.15,965.5,966.1,124992
2025-12-16 09:15:00+05:30,966.05,968.15,965.15,966.35,140669
2025-12-16 09:20:00+05:30,966.35,966.5,965.4,965.8,44497
2025-12-16 09:25:00+05:30,965.8,967.4,965.3,966.3,80566
2025-12-16 09:30:00+05:30,966.15,968.4,965.6,967.65,63272
2025-12-16 09:35:00+05:30,968.0,968.0,967.2,967.75,53970
2025-12-16 09:40:00+05:30,968.1,969.0,967.9,968.35,79847
2025-12-16 09:45:00+05:30,968.35,968.65,968.1,968.5,31107
2025-12-16 09:50:00+05:30,968.5,968.55,967.95,968.45,55120
2025-12-16 09:55:00+05:30,968.45,968.45,964.85,965.0,97234
2025-12-16 10:00:00+05:30,965.0,965.0,963.3,964.1,124419
2025-12-16 10:05:00+05:30,964.05,964.8,963.5,963.9,69334
2025-12-16 10:10:00+05:30,963.9,964.1,962.45,963.65,71854
2025-12-16 10:15:00+05:30,963.35,964.45,962.8,963.9,36733
2025-12-16 10:20:00+05:30,963.9,964.4,962.3,963.7,70247
2025-12-16 10:25:00+05:30,963.7,964.05,963.2,963.65,28071
2025-12-16 10:30:00+05:30,963.75,964.85,963.5,964.6,22233
2025-12-16 10:35:00+05:30,964.6,965.55,963.4,965.2,148058
2025-12-16 10:40:00+05:30,965.2,966.45,964.7,966.25,35541
2025-12-16 10:45:00+05:30,966.2,966.2,964.9,965.4,23198
2025-12-16 10:50:00+05:30,965.4,965.45,965.0,965.1,13436
2025-12-16 10:55:00+05:30,965.1,965.9,964.05,964.8,51619
2025-12-16 11:00:00+05:30,964.7,964.9,964.1,964.7,15427
2025-12-16 11:05:00+05:30,964.65,965.4,964.6,965.05,12466
2025-12-16 11:10:00+05:30,965.05,965.2,964.7,964.9,7741
2025-12-16 11:15:00+05:30,964.85,964.95,964.1,964.45,14328
2025-12-16 11:20:00+05:30,964.4,964.95,964.35,964.6,13582
2025-12-16 11:25:00+05:30,964.6,965.0,964.25,964.55,19845
2025-12-16 11:30:00+05:30,964.8,964.85,963.35,963.7,25040
2025-12-16 11:35:00+05:30,963.7,963.85,963.25,963.55,11286
2025-12-16 11:40:00+05:30,963.85,963.85,963.05,963.65,30861
2025-12-16 11:45:00+05:30,963.4,963.7,962.95,963.5,15549
2025-12-16 11:50:00+05:30,963.45,963.9,962.6,963.45,40050
2025-12-16 11:55:00+05:30,963.4,963.7,962.7,963.6,26469
2025-12-16 12:00:00+05:30,963.6,963.75,962.95,963.25,20452
2025-12-16 12:05:00+05:30,963.4,963.9,962.8,962.8,17939
2025-12-16 12:10:00+05:30,962.9,963.45,962.5,963.4,18142
2025-12-16 12:15:00+05:30,963.1,964.0,962.9,963.0,31198
2025-12-16 12:20:00+05:30,962.95,963.15,962.95,963.0,39780
2025-12-16 12:25:00+05:30,962.95,963.0,962.6,963.0,25742
2025-12-16 12:30:00+05:30,963.0,963.35,962.5,962.95,45174
2025-12-16 12:35:00+05:30,962.8,963.0,962.0,963.0,40024
2025-12-16 12:40:00+05:30,962.95,963.35,962.15,962.75,38519
2025-12-16 12:45:00+05:30,962.75,963.0,962.45,962.85,25077
2025-12-16 12:50:00+05:30,962.8,964.0,962.6,963.05,115064
2025-12-16 12:55:00+05:30,963.1,963.3,962.7,963.0,60974
2025-12-16 13:00:00+05:30,963.05,963.3,962.75,962.95,64290
2025-12-16 13:05:00+05:30,962.95,963.2,961.55,961.9,100957
2025-12-16 13:10:00+05:30,961.95,962.15,961.5,961.6,31241
2025-12-16 13:15:00+05:30,961.6,962.1,960.6,962.1,60501
2025-12-16 13:20:00+05:30,962.0,962.3,961.6,961.65,24655
2025-12-16 13:25:00+05:30,961.65,962.35,961.55,962.2,22642
2025-12-16 13:30:00+05:30,962.1,963.0,962.0,962.75,33141
2025-12-16 13:35:00+05:30,962.75,963.6,962.5,963.1,85208
2025-12-16 13:40:00+05:30,962.95,963.65,962.8,963.45,85286
2025-12-16 13:45:00+05:30,963.45,964.3,963.15,964.25,83414
2025-12-16 13:50:00+05:30,964.25,964.4,963.5,963.8,27434
2025-12-16 13:55:00+05:30,963.8,964.1,963.25,963.65,74811
2025-12-16 14:00:00+05:30,963.65,964.1,962.25,963.0,154544
2025-12-16 14:05:00+05:30,963.0,963.1,962.2,962.5,100802
2025-12-16 14:10:00+05:30,962.5,962.5,961.95,962.3,109704
2025-12-16 14:15:00+05:30,962.3,962.95,961.9,961.9,37865
2025-12-16 14:20:00+05:30,961.9,963.1,961.6,962.9,146733
2025-12-16 14:25:00+05:30,963.0,963.9,962.8,963.35,43566
2025-12-16 14:30:00+05:30,963.6,963.6,962.3,962.5,79688
2025-12-16 14:35:00+05:30,962.5,963.6,962.15,963.2,55421
2025-12-16 14:40:00+05:30,963.15,963.5,963.1,963.45,13280
2025-12-16 14:45:00+05:30,963.45,963.65,963.2,963.6,18270
2025-12-16 14:50:00+05:30,963.65,964.75,963.55,964.75,131354
2025-12-16 14:55:00+05:30,964.75,964.95,963.5,963.5,143276
2025-12-16 15:00:00+05:30,963.75,964.0,961.9,962.2,129466
2025-12-16 15:05:00+05:30,962.15,963.2,961.55,962.45,238128
2025-12-16 15:10:00+05:30,962.15,962.45,961.25,961.5,140552
2025-12-16 15:15:00+05:30,961.5,961.55,959.75,960.1,165275
2025-12-16 15:20:00+05:30,960.1,960.75,959.0,959.25,136651
2025-12-16 15:25:00+05:30,959.35,960.0,958.05,960.0,159960
2025-12-17 09:15:00+05:30,965.55,971.1,964.3,970.3,764660
2025-12-17 09:20:00+05:30,970.9,974.8,970.75,973.05,451227
2025-12-17 09:25:00+05:30,973.15,976.0,972.6,975.65,280462
2025-12-17 09:30:00+05:30,975.65,975.75,973.4,975.45,162129
2025-12-17 09:35:00+05:30,975.5,977.3,975.05,976.6,234058
2025-12-17 09:40:00+05:30,976.6,977.0,974.2,974.7,138261
2025-12-17 09:45:00+05:30,975.0,976.25,974.0,974.5,175758
2025-12-17 09:50:00+05:30,974.5,974.8,973.15,974.1,94329
2025-12-17 09:55:00+05:30,974.25,976.0,973.7,975.4,96329
2025-12-17 10:00:00+05:30,975.4,975.85,974.3,975.15,109322
2025-12-17 10:05:00+05:30,975.15,975.9,974.5,975.85,77558
2025-12-17 10:10:00+05:30,975.85,976.7,975.2,976.5,95892
2025-12-17 10:15:00+05:30,976.55,977.0,975.85,976.2,65019
2025-12-17 10:20:00+05:30,976.2,976.9,974.8,975.1,68282
2025-12-17 10:25:00+05:30,974.8,976.7,974.8,975.6,83084
2025-12-17 10:30:00+05:30,975.55,976.2,975.55,976.1,48506
2025-12-17 10:35:00+05:30,976.0,976.7,976.0,976.45,66041
2025-12-17 10:40:00+05:30,976.55,976.6,975.6,976.2,161911
2025-12-17 10:45:00+05:30,976.3,976.6,975.65,976.3,46673
2025-12-17 10:50:00+05:30,976.3,976.4,975.3,976.0,95858
2025-12-17 10:55:00+05:30,976.1,976.1,975.15,975.65,62177
2025-12-17 11:00:00+05:30,975.65,978.2,975.65,977.7,282363
2025-12-17 11:05:00+05:30,977.8,978.1,977.25,978.0,89143
2025-12-17 11:10:00+05:30,978.0,978.0,976.9,977.9,72659
2025-12-17 11:15:00+05:30,977.95,977.95,977.25,977.4,58532
2025-12-17 11:20:00+05:30,977.5,977.5,976.45,976.95,92495
2025-12-17 11:25:00+05:30,977.0,977.0,975.9,976.0,83795
2025-12-17 11:30:00+05:30,976.05,976.4,975.95,976.35,41499
2025-12-17 11:35:00+05:30,976.4,976.5,975.35,976.35,50893
2025-12-17 11:40:00+05:30,976.4,976.4,976.25,976.35,39767
2025-12-17 11:45:00+05:30,976.35,977.25,976.0,976.3,69310
2025-12-17 11:50:00+05:30,976.45,976.7,976.1,976.35,35536
2025-12-17 11:55:00+05:30,976.4,976.4,975.85,976.1,38979
2025-12-17 12:00:00+05:30,976.1,976.95,975.1,975.15,116384
2025-12-17 12:05:00+05:30,975.5,976.05,975.0,975.2,60836
2025-12-17 12:10:00+05:30,975.1,975.9,975.0,975.5,61132
2025-12-17 12:15:00+05:30,975.5,976.0,975.2,976.0,63615
2025-12-17 12:20:00+05:30,976.0,977.0,975.95,976.3,62709
2025-12-17 12:25:00+05:30,976.3,976.8,975.7,976.0,34942
2025-12-17 12:30:00+05:30,976.0,976.0,974.15,975.25,83447
2025-12-17 12:35:00+05:30,975.2,975.3,974.0,974.65,77742
2025-12-17 12:40:00+05:30,974.65,974.65,974.05,974.5,24973
2025-12-17 12:45:00+05:30,974.55,974.95,974.5,974.6,33051
2025-12-17 12:50:00+05:30,974.65,975.25,974.0,974.25,60637
2025-12-17 12:55:00+05:30,974.25,974.25,973.5,974.0,85048
2025-12-17 13:00:00+05:30,974.0,974.5,973.5,974.4,93588
2025-12-17 13:05:00+05:30,974.5,975.0,974.3,974.55,28379
2025-12-17 13:10:00+05:30,974.55,974.95,974.2,974.8,51304
2025-12-17 13:15:00+05:30,974.8,976.0,974.75,975.95,53367
2025-12-17 13:20:00+05:30,976.0,977.25,975.8,977.25,151802
2025-12-17 13:25:00+05:30,977.25,978.5,977.05,977.25,193276
2025-12-17 13:30:00+05:30,977.25,977.3,975.8,976.5,71241
2025-12-17 13:35:00+05:30,976.45,976.5,975.5,975.85,36616
2025-12-17 13:40:00+05:30,975.85,976.5,975.75,976.05,43325
2025-12-17 13:45:00+05:30,976.05,976.5,976.0,976.05,62143
2025-12-17 13:50:00+05:30,976.1,976.4,976.0,976.15,29894
2025-12-17 13:55:00+05:30,976.15,976.4,975.5,976.2,69866
2025-12-17 14:00:00+05:30,976.3,976.4,975.65,975.95,46426
2025-12-17 14:05:00+05:30,976.0,976.25,975.8,975.8,30561
2025-12-17 14:10:00+05:30,975.95,976.0,974.5,974.9,64969
2025-12-17 14:15:00+05:30,974.9,975.5,974.7,975.45,133409
2025-12-17 14:20:00+05:30,975.5,975.7,974.4,974.95,74243
2025-12-17 14:25:00+05:30,974.75,975.15,974.3,974.35,46886
2025-12-17 14:30:00+05:30,974.4,975.5,974.4,975.4,47061
2025-12-17 14:35:00+05:30,975.6,975.6,974.0,974.1,146757
2025-12-17 14:40:00+05:30,974.1,975.55,973.9,975.45,73791
2025-12-17 14:45:00+05:30,975.5,976.5,975.5,976.1,66227
2025-12-17 14:50:00+05:30,976.1,976.9,975.9,976.6,58033
2025-12-17 14:55:00+05:30,976.5,976.7,975.5,975.9,65131
2025-12-17 15:00:00+05:30,975.9,976.75,975.9,976.15,122803
2025-12-17 15:05:00+05:30,976.15,976.25,975.45,975.75,133077
2025-12-17 15:10:00+05:30,975.8,976.2,975.65,975.85,153370
2025-12-17 15:15:00+05:30,975.9,976.0,975.5,975.95,197660
2025-12-17 15:20:00+05:30,975.9,976.1,974.8,975.95,225453
2025-12-17 15:25:00+05:30,976.0,976.5,975.5,976.35,203825
2025-12-18 09:15:00+05:30,977.9,981.45,976.6,980.35,506463
2025-12-18 09:20:00+05:30,980.0,980.4,978.0,978.1,192158
2025-12-18 09:25:00+05:30,978.3,978.3,976.0,976.0,126057
2025-12-18 09:30:00+05:30,976.0,978.0,975.3,977.45,112769
2025-12-18 09:35:00+05:30,977.6,977.6,976.35,976.7,48197
2025-12-18 09:40:00+05:30,976.7,976.7,974.6,974.75,113920
2025-12-18 09:45:00+05:30,974.8,975.3,974.1,974.65,70464
2025-12-18 09:50:00+05:30,974.6,974.9,973.5,974.55,52873
2025-12-18 09:55:00+05:30,974.65,975.2,974.5,975.05,52635
2025-12-18 10:00:00+05:30,975.0,975.2,973.8,974.55,59757
2025-12-18 10:05:00+05:30,974.55,976.75,974.55,976.6,54548
2025-12-18 10:10:00+05:30,976.6,977.65,975.95,977.2,93735
2025-12-18 10:15:00+05:30,977.35,979.35,977.05,979.35,75329
2025-12-18 10:20:00+05:30,979.3,979.3,978.45,978.95,71760
2025-12-18 10:25:00+05:30,979.0,979.0,977.9,978.4,50109
2025-12-18 10:30:00+05:30,978.4,979.25,978.1,979.25,28804
2025-12-18 10:35:00+05:30,979.2,979.3,978.05,978.75,41979
2025-12-18 10:40:00+05:30,978.95,980.0,978.3,979.5,57311
2025-12-18 10:45:00+05:30,979.5,980.4,978.75,979.05,90632
2025-12-18 10:50:00+05:30,979.05,979.1,978.2,978.75,24961
2025-12-18 10:55:00+05:30,978.75,978.95,978.4,978.75,27747
2025-12-18 11:00:00+05:30,978.95,979.5,978.45,978.55,49172
2025-12-18 11:05:00+05:30,978.8,979.2,978.5,979.1,20982
2025-12-18 11:10:00+05:30,979.1,979.3,978.5,979.0,38695
2025-12-18 11:15:00+05:30,979.0,979.05,977.25,977.5,47861
2025-12-18 11:20:00+05:30,977.5,978.3,977.3,977.9,36277
2025-12-18 11:25:00+05:30,978.4,978.95,977.9,978.95,29194
2025-12-18 11:30:00+05:30,978.95,979.95,978.7,979.0,45700
2025-12-18 11:35:00+05:30,979.0,979.5,978.8,979.2,21473
2025-12-18 11:40:00+05:30,979.2,979.4,978.8,979.15,18634
2025-12-18 11:45:00+05:30,978.85,979.2,978.6,979.2,24308
2025-12-18 11:50:00+05:30,979.2,979.2,978.7,979.0,63874
2025-12-18 11:55:00+05:30,979.0,979.35,978.8,979.35,21000
2025-12-18 12:00:00+05:30,979.35,980.0,979.05,979.75,27052
2025-12-18 12:05:00+05:30,979.75,980.0,979.25,979.8,44149
2025-12-18 12:10:00+05:30,979.8,979.8,978.85,979.65,50628
2025-12-18 12:15:00+05:30,979.7,979.7,979.2,979.55,19001
2025-12-18 12:20:00+05:30,979.55,980.0,979.2,979.8,67987
2025-12-18 12:25:00+05:30,979.8,980.25,979.5,979.95,22037
2025-12-18 12:30:00+05:30,980.0,980.2,979.5,979.5,23202
2025-12-18 12:35:00+05:30,979.75,979.95,979.05,979.65,21049
2025-12-18 12:40:00+05:30,979.65,979.65,979.0,979.4,24360
2025-12-18 12:45:00+05:30,979.4,980.0,979.35,979.65,28065
2025-12-18 12:50:00+05:30,979.55,979.9,979.45,979.75,36797
2025-12-18 12:55:00+05:30,979.7,979.85,978.9,979.15,34349
2025-12-18 13:00:00+05:30,979.1,979.4,978.45,979.4,32400
2025-12-18 13:05:00+05:30,979.35,979.7,979.1,979.7,18262
2025-12-18 13:10:00+05:30,979.7,979.8,979.05,979.35,32410
2025-12-18 13:15:00+05:30,979.35,979.45,979.05,979.2,23254
2025-12-18 13:20:00+05:30,979.25,979.25,978.5,978.95,42689
2025-12-18 13:25:00+05:30,978.9,978.95,978.3,978.45,32472
2025-12-18 13:30:00+05:30,978.2,978.45,976.7,976.75,89719
2025-12-18 13:35:00+05:30,976.85,977.45,976.35,977.1,47497
2025-12-18 13:40:00+05:30,977.15,977.55,976.7,977.0,25226
2025-12-18 13:45:00+05:30,977.3,977.55,977.0,977.3,25475
2025-12-18 13:50:00+05:30,977.4,977.7,977.2,977.5,23937
2025-12-18 13:55:00+05:30,977.65,977.7,976.05,976.75,63616
2025-12-18 14:00:00+05:30,976.85,976.9,975.7,976.4,45207
2025-12-18 14:05:00+05:30,976.4,976.8,975.6,976.35,59097
2025-12-18 14:10:00+05:30,976.35,976.5,975.65,976.3,31791
2025-12-18 14:15:00+05:30,976.3,977.0,975.65,976.65,40115
2025-12-18 14:20:00+05:30,976.65,976.95,975.55,975.55,39764
2025-12-18 14:25:00+05:30,975.85,976.25,975.35,976.05,39899
2025-12-18 14:30:00+05:30,976.35,977.15,975.9,976.6,173022
2025-12-18 14:35:00+05:30,976.55,977.2,976.0,976.5,63895
2025-12-18 14:40:00+05:30,976.5,976.65,975.65,976.65,66996
2025-12-18 14:45:00+05:30,976.6,977.2,976.3,976.7,49245
2025-12-18 14:50:00+05:30,977.0,977.0,975.7,976.35,143172
2025-12-18 14:55:00+05:30,976.4,977.15,976.05,976.7,33239
2025-12-18 15:00:00+05:30,976.75,978.2,976.4,977.95,127070
2025-12-18 15:05:00+05:30,977.95,978.2,977.15,977.35,128241
2025-12-18 15:10:00+05:30,977.4,978.25,977.2,977.95,150297
2025-12-18 15:15:00+05:30,977.95,978.2,977.3,977.3,181217
2025-12-18 15:20:00+05:30,977.35,977.65,977.05,977.4,125981
2025-12-18 15:25:00+05:30,977.4,977.65,976.05,976.9,181758
2025-12-19 09:15:00+05:30,979.95,981.0,978.2,980.15,144562
2025-12-19 09:20:00+05:30,980.35,981.45,980.3,980.75,96944
2025-12-19 09:25:00+05:30,980.5,980.85,979.5,980.75,45631
2025-12-19 09:30:00+05:30,980.75,981.35,980.0,981.1,54843
2025-12-19 09:35:00+05:30,981.15,981.15,980.1,980.4,49258
2025-12-19 09:40:00+05:30,980.45,980.45,979.5,980.0,38309
2025-12-19 09:45:00+05:30,980.0,980.3,979.2,979.2,42514
2025-12-19 09:50:00+05:30,979.2,980.0,979.0,979.75,46370
2025-12-19 09:55:00+05:30,979.75,980.95,979.5,980.7,37509
2025-12-19 10:00:00+05:30,980.8,981.85,980.5,981.8,59315
2025-12-19 10:05:00+05:30,981.8,982.0,980.3,981.45,46621
2025-12-19 10:10:00+05:30,981.2,981.35,980.3,980.65,15853
2025-12-19 10:15:00+05:30,980.8,981.4,980.7,981.2,29596
2025-12-19 10:20:00+05:30,981.2,981.4,980.8,981.1,16193
2025-12-19 10:25:00+05:30,981.1,981.2,979.95,980.4,38462
2025-12-19 10:30:00+05:30,980.4,980.45,979.6,979.9,27123
2025-12-19 10:35:00+05:30,979.9,980.5,979.65,980.35,14910
2025-12-19 10:40:00+05:30,980.1,980.65,980.0,980.05,20582
2025-12-19 10:45:00+05:30,980.2,980.6,979.35,979.7,25381
2025-12-19 10:50:00+05:30,979.7,980.35,979.1,979.5,94064
2025-12-19 10:55:00+05:30,979.7,979.7,978.05,978.9,28590
2025-12-19 11:00:00+05:30,978.65,979.8,978.65,978.95,38186
2025-12-19 11:05:00+05:30,978.95,978.95,978.1,978.65,24633
2025-12-19 11:10:00+05:30,978.7,979.25,978.25,979.2,22936
2025-12-19 11:15:00+05:30,979.0,979.35,978.65,978.75,13905
2025-12-19 11:20:00+05:30,978.65,979.2,977.55,977.55,44193
2025-12-19 11:25:00+05:30,977.6,977.9,977.05,977.85,29075
2025-12-19 11:30:00+05:30,977.9,978.0,977.45,978.0,29950
2025-12-19 11:35:00+05:30,978.0,978.6,977.9,978.5,75754
2025-12-19 11:40:00+05:30,978.5,978.8,977.5,977.55,24787
2025-12-19 11:45:00+05:30,977.55,978.0,977.2,978.0,37115
2025-12-19 11:50:00+05:30,977.95,978.25,977.95,978.0,18497
2025-12-19 11:55:00+05:30,978.15,978.65,977.5,977.85,25174
2025-12-19 12:00:00+05:30,978.0,978.05,977.2,978.0,49395
2025-12-19 12:05:00+05:30,978.0,979.35,977.7,979.2,87602
2025-12-19 12:10:00+05:30,979.2,979.3,978.45,978.95,27015
2025-12-19 12:15:00+05:30,978.95,979.4,978.4,978.5,28603
2025-12-19 12:20:00+05:30,978.6,978.9,977.8,977.85,31939
2025-12-19 12:25:00+05:30,978.0,978.5,977.85,978.25,38236
2025-12-19 12:30:00+05:30,978.35,978.95,977.9,978.95,67728
2025-12-19 12:35:00+05:30,978.95,978.95,977.9,978.9,26562
2025-12-19 12:40:00+05:30,978.95,979.5,978.6,979.45,27986
2025-12-19 12:45:00+05:30,979.5,979.7,979.2,979.4,24410
2025-12-19 12:50:00+05:30,979.45,979.8,979.2,979.75,30653
2025-12-19 12:55:00+05:30,979.8,980.0,979.45,979.95,24599
2025-12-19 13:00:00+05:30,980.0,980.7,979.55,980.7,103832
2025-12-19 13:05:00+05:30,980.75,980.75,980.0,980.1,54115
2025-12-19 13:10:00+05:30,980.1,980.35,978.85,979.5,26525
2025-12-19 13:15:00+05:30,979.2,980.3,979.05,979.6,42039
2025-12-19 13:20:00+05:30,979.85,980.1,979.2,979.8,30457
2025-12-19 13:25:00+05:30,979.6,979.95,979.2,979.5,26043
2025-12-19 13:30:00+05:30,979.65,979.95,979.2,979.9,22578
2025-12-19 13:35:00+05:30,979.85,980.3,979.7,979.75,18656
2025-12-19 13:40:00+05:30,979.9,980.7,979.6,980.7,48405
2025-12-19 13:45:00+05:30,980.65,980.7,980.15,980.5,28314
2025-12-19 13:50:00+05:30,980.45,980.6,980.2,980.55,22582
2025-12-19 13:55:00+05:30,980.5,980.6,980.2,980.55,23242
2025-12-19 14:00:00+05:30,980.65,980.7,980.25,980.25,32816
2025-12-19 14:05:00+05:30,980.25,980.5,980.0,980.15,35118
2025-12-19 14:10:00+05:30,980.3,980.4,979.95,980.15,62823
2025-12-19 14:15:00+05:30,980.15,980.35,979.25,979.7,58431
2025-12-19 14:20:00+05:30,979.7,980.0,979.4,979.95,59136
2025-12-19 14:25:00+05:30,979.9,980.2,979.6,979.8,67447
2025-12-19 14:30:00+05:30,979.8,980.1,978.25,978.7,93819
2025-12-19 14:35:00+05:30,978.7,979.2,978.1,979.2,46245
2025-12-19 14:40:00+05:30,979.25,979.45,978.65,979.35,29057
2025-12-19 14:45:00+05:30,979.25,979.8,979.0,979.05,47700
2025-12-19 14:50:00+05:30,979.05,979.35,978.5,979.05,41980
2025-12-19 14:55:00+05:30,979.05,979.25,978.2,978.3,33098
2025-12-19 15:00:00+05:30,978.35,979.95,978.35,979.65,509771
2025-12-19 15:05:00+05:30,979.65,980.3,979.15,980.15,399575
2025-12-19 15:10:00+05:30,980.15,980.85,980.0,980.65,429729
2025-12-19 15:15:00+05:30,980.65,980.75,980.45,980.5,358681
2025-12-19 15:20:00+05:30,980.85,981.25,980.5,980.8,480003
2025-12-19 15:25:00+05:30,980.75,981.4,980.0,980.0,307520
2025-12-22 09:15:00+05:30,981.1,982.0,980.0,981.5,136608
2025-12-22 09:20:00+05:30,981.7,982.6,981.2,981.5,122471
2025-12-22 09:25:00+05:30,981.7,983.0,981.5,982.0,96957
2025-12-22 09:30:00+05:30,982.2,982.5,981.05,981.2,49913
2025-12-22 09:35:00+05:30,981.55,982.0,980.6,980.6,81155
2025-12-22 09:40:00+05:30,980.5,981.3,980.5,980.75,59929
2025-12-22 09:45:00+05:30,981.0,981.7,980.8,981.2,58901
2025-12-22 09:50:00+05:30,981.25,981.25,980.8,980.95,19116
2025-12-22 09:55:00+05:30,980.9,981.0,980.1,980.5,56292
2025-12-22 10:00:00+05:30,980.4,980.5,979.65,980.25,50190
2025-12-22 10:05:00+05:30,980.1,980.5,979.2,979.5,58780
2025-12-22 10:10:00+05:30,979.4,979.7,979.0,979.25,58640
2025-12-22 10:15:00+05:30,979.25,979.5,979.0,979.35,85537
2025-12-22 10:20:00+05:30,979.25,979.35,979.0,979.2,54942
2025-12-22 10:25:00+05:30,979.25,979.35,979.05,979.1,16983
2025-12-22 10:30:00+05:30,979.15,979.2,976.55,977.2,185563
2025-12-22 10:35:00+05:30,977.2,977.45,976.55,976.75,69409
2025-12-22 10:40:00+05:30,976.8,977.0,975.95,976.95,158608
2025-12-22 10:45:00+05:30,976.9,977.4,976.45,976.85,140231
2025-12-22 10:50:00+05:30,976.75,977.0,976.5,976.6,61173
2025-12-22 10:55:00+05:30,976.6,976.9,975.9,976.0,257951
2025-12-22 11:00:00+05:30,976.2,976.45,974.65,974.85,142027
2025-12-22 11:05:00+05:30,974.9,975.4,974.4,975.0,190719
2025-12-22 11:10:00+05:30,974.9,975.05,973.75,973.95,204772
2025-12-22 11:15:00+05:30,974.0,974.05,973.25,973.3,156784
2025-12-22 11:20:00+05:30,973.4,974.85,972.55,974.8,208821
2025-12-22 11:25:00+05:30,974.8,975.3,974.4,974.85,49120
2025-12-22 11:30:00+05:30,974.85,975.0,974.15,974.65,39162
2025-12-22 11:35:00+05:30,974.65,974.9,974.1,974.2,22298
2025-12-22 11:40:00+05:30,974.2,974.95,974.1,974.55,34568
2025-12-22 11:45:00+05:30,974.55,975.0,974.25,974.55,37951
2025-12-22 11:50:00+05:30,974.9,975.3,973.75,975.0,183832
2025-12-22 11:55:00+05:30,975.05,975.3,974.5,975.0,46423
2025-12-22 12:00:00+05:30,974.8,975.2,974.6,974.9,24934
2025-12-22 12:05:00+05:30,974.65,975.0,974.2,974.4,31117
2025-12-22 12:10:00+05:30,974.25,974.4,974.1,974.3,29584
2025-12-22 12:15:00+05:30,974.3,974.5,973.7,973.95,37062
2025-12-22 12:20:00+05:30,973.95,974.0,973.6,973.65,30286
2025-12-22 12:25:00+05:30,973.6,973.8,973.2,973.8,35669
2025-12-22 12:30:00+05:30,973.8,974.0,973.5,973.6,48388
2025-12-22 12:35:00+05:30,973.6,974.0,973.6,974.0,25911
2025-12-22 12:40:00+05:30,973.8,974.5,973.7,974.1,68901
2025-12-22 12:45:00+05:30,974.3,974.3,973.15,973.75,45256
2025-12-22 12:50:00+05:30,973.75,974.4,973.5,974.35,46175
2025-12-22 12:55:00+05:30,974.15,974.7,974.05,974.4,35589
2025-12-22 13:00:00+05:30,974.4,974.6,974.2,974.35,26605
2025-12-22 13:05:00+05:30,974.3,974.65,974.2,974.55,35492
2025-12-22 13:10:00+05:30,974.5,974.55,974.1,974.45,26656
2025-12-22 13:15:00+05:30,974.4,974.65,974.0,974.15,39107
2025-12-22 13:20:00+05:30,974.15,974.45,974.0,974.35,27793
2025-12-22 13:25:00+05:30,974.4,974.5,974.05,974.25,26242
2025-12-22 13:30:00+05:30,974.2,974.65,974.05,974.4,30080
2025-12-22 13:35:00+05:30,974.5,974.6,974.15,974.4,26993
2025-12-22 13:40:00+05:30,974.45,974.6,974.2,974.4,29212
2025-12-22 13:45:00+05:30,974.5,974.7,974.25,974.5,31360
2025-12-22 13:50:00+05:30,974.5,975.0,974.25,974.9,52566
2025-12-22 13:55:00+05:30,974.85,974.9,974.55,974.7,25780
2025-12-22 14:00:00+05:30,974.65,974.9,974.65,974.9,30411
2025-12-22 14:05:00+05:30,974.85,974.95,974.05,974.15,72199
2025-12-22 14:10:00+05:30,974.2,974.5,973.75,974.0,153097
2025-12-22 14:15:00+05:30,974.0,974.65,973.8,974.5,65335
2025-12-22 14:20:00+05:30,974.55,974.8,974.35,974.4,50764
2025-12-22 14:25:00+05:30,974.35,974.8,974.3,974.5,38966
2025-12-22 14:30:00+05:30,974.65,974.85,974.4,974.5,38930
2025-12-22 14:35:00+05:30,974.5,975.0,974.4,974.55,164378
2025-12-22 14:40:00+05:30,974.5,974.7,974.15,974.25,53717
2025-12-22 14:45:00+05:30,974.55,974.8,974.2,974.45,45091
2025-12-22 14:50:00+05:30,974.45,975.3,974.3,974.85,149070
2025-12-22 14:55:00+05:30,974.9,974.9,974.4,974.6,69485
2025-12-22 15:00:00+05:30,974.65,974.85,974.05,974.1,102098
2025-12-22 15:05:00+05:30,974.05,974.85,974.05,974.15,232057
2025-12-22 15:10:00+05:30,974.15,974.5,974.1,974.4,119103
2025-12-22 15:15:00+05:30,974.4,974.4,973.9,974.1,184916
2025-12-22 15:20:00+05:30,974.0,974.45,973.85,974.2,183909
2025-12-22 15:25:00+05:30,974.25,974.5,974.0,974.5,149882
2025-12-23 09:15:00+05:30,976.3,976.8,974.5,976.4,117326
2025-12-23 09:20:00+05:30,976.7,977.3,975.85,976.9,70157
2025-12-23 09:25:00+05:30,976.95,977.55,976.25,976.25,66683
2025-12-23 09:30:00+05:30,976.25,976.9,975.55,975.75,77173
2025-12-23 09:35:00+05:30,975.75,975.8,972.55,972.95,103262
2025-12-23 09:40:00+05:30,972.95,973.65,972.6,972.6,37085
2025-12-23 09:45:00+05:30,972.65,973.55,972.0,972.8,65123
2025-12-23 09:50:00+05:30,972.75,974.05,972.7,973.6,32353
2025-12-23 09:55:00+05:30,973.75,975.15,973.5,975.0,33702
2025-12-23 10:00:00+05:30,974.95,975.25,974.5,975.2,46118
2025-12-23 10:05:00+05:30,975.2,975.25,974.8,974.95,14398
2025-12-23 10:10:00+05:30,975.0,975.25,974.5,974.8,32387
2025-12-23 10:15:00+05:30,974.8,974.8,973.5,973.6,25825
2025-12-23 10:20:00+05:30,973.4,973.75,972.95,973.45,31314
2025-12-23 10:25:00+05:30,973.3,974.4,973.25,974.35,23733
2025-12-23 10:30:00+05:30,974.35,975.0,973.85,974.7,22158
2025-12-23 10:35:00+05:30,974.55,974.75,974.0,974.2,12059
2025-12-23 10:40:00+05:30,974.2,975.3,974.1,975.05,28708
2025-12-23 10:45:00+05:30,975.05,976.1,975.05,975.8,43022
2025-12-23 10:50:00+05:30,975.75,976.1,975.35,975.9,35909
2025-12-23 10:55:00+05:30,975.95,976.1,974.65,974.95,45719
2025-12-23 11:00:00+05:30,974.95,975.3,974.3,974.7,31675
2025-12-23 11:05:00+05:30,974.9,975.5,974.75,975.45,11630
2025-12-23 11:10:00+05:30,975.4,975.6,975.05,975.3,15076
2025-12-23 11:15:00+05:30,975.3,975.6,974.75,975.35,29772
2025-12-23 11:20:00+05:30,975.35,975.45,975.0,975.2,19962
2025-12-23 11:25:00+05:30,975.1,975.25,972.9,973.05,136135
2025-12-23 11:30:00+05:30,973.05,973.5,972.75,973.45,58534
2025-12-23 11:35:00+05:30,973.45,973.45,972.6,972.95,87463
2025-12-23 11:40:00+05:30,973.0,973.8,971.95,973.3,242080
2025-12-23 11:45:00+05:30,973.35,973.4,971.75,972.35,130211
2025-12-23 11:50:00+05:30,972.35,973.0,972.3,972.95,42505
2025-12-23 11:55:00+05:30,972.95,973.15,972.75,973.1,20635
2025-12-23 12:00:00+05:30,973.1,973.9,973.05,973.6,21393
2025-12-23 12:05:00+05:30,973.6,973.65,973.2,973.65,17669
2025-12-23 12:10:00+05:30,973.65,973.8,973.35,973.75,16153
2025-12-23 12:15:00+05:30,973.7,973.8,973.0,973.6,32768
2025-12-23 12:20:00+05:30,973.55,974.35,973.35,974.05,29205
2025-12-23 12:25:00+05:30,974.05,974.35,973.25,973.65,59281
2025-12-23 12:30:00+05:30,973.6,974.2,973.4,973.5,53504
2025-12-23 12:35:00+05:30,973.5,974.5,973.4,974.3,33834
2025-12-23 12:40:00+05:30,974.3,974.5,973.95,974.05,24754
2025-12-23 12:45:00+05:30,974.1,974.9,974.0,974.75,59059
2025-12-23 12:50:00+05:30,974.7,974.95,974.65,974.85,45518
2025-12-23 12:55:00+05:30,974.9,975.2,974.0,974.75,164466
2025-12-23 13:00:00+05:30,975.0,975.9,974.75,975.25,95346
2025-12-23 13:05:00+05:30,975.35,976.05,975.1,975.45,103251
2025-12-23 13:10:00+05:30,975.5,975.5,975.0,975.25,21532
2025-12-23 13:15:00+05:30,975.25,975.25,974.7,974.9,36242
2025-12-23 13:20:00+05:30,974.9,975.1,974.4,974.85,31533
2025-12-23 13:25:00+05:30,974.8,975.15,974.65,975.0,24832
2025-12-23 13:30:00+05:30,975.0,975.15,974.6,974.75,33802
2025-12-23 13:35:00+05:30,974.75,975.05,974.05,975.0,45817
2025-12-23 13:40:00+05:30,975.0,975.1,974.3,974.45,20998
2025-12-23 13:45:00+05:30,974.5,974.85,974.4,974.75,24696
2025-12-23 13:50:00+05:30,974.8,974.8,974.0,974.25,36593
2025-12-23 13:55:00+05:30,974.25,974.95,974.1,974.75,44140
2025-12-23 14:00:00+05:30,974.7,975.0,974.0,974.55,55070
2025-12-23 14:05:00+05:30,974.5,974.55,973.9,974.05,27811
2025-12-23 14:10:00+05:30,974.05,974.3,973.9,974.1,30831
2025-12-23 14:15:00+05:30,974.1,975.05,974.05,974.8,140481
2025-12-23 14:20:00+05:30,974.8,975.1,973.65,973.7,38666
2025-12-23 14:25:00+05:30,973.8,974.35,973.7,973.85,29744
2025-12-23 14:30:00+05:30,973.95,974.1,972.5,972.55,47623
2025-12-23 14:35:00+05:30,972.55,972.55,971.6,972.05,74614
2025-12-23 14:40:00+05:30,971.95,972.1,970.7,970.8,159241
2025-12-23 14:45:00+05:30,970.8,971.8,970.7,971.65,142635
2025-12-23 14:50:00+05:30,971.6,972.8,971.6,972.6,88740
2025-12-23 14:55:00+05:30,972.65,973.2,972.05,973.0,81508
2025-12-23 15:00:00+05:30,972.9,973.55,971.7,971.8,180127
2025-12-23 15:05:00+05:30,971.75,972.7,971.35,971.8,350407
2025-12-23 15:10:00+05:30,971.8,972.25,971.3,972.15,187323
2025-12-23 15:15:00+05:30,971.9,972.3,971.3,972.2,322413
2025-12-23 15:20:00+05:30,972.2,972.2,971.7,971.9,137475
2025-12-23 15:25:00+05:30,971.85,972.2,971.25,971.25,149208
2025-12-24 09:15:00+05:30,973.2,976.9,972.7,974.6,130705
2025-12-24 09:20:00+05:30,974.65,975.35,974.2,975.05,53030
2025-12-24 09:25:00+05:30,975.0,975.85,975.0,975.6,37070
2025-12-24 09:30:00+05:30,975.65,976.0,975.3,975.7,47864
2025-12-24 09:35:00+05:30,975.35,975.85,974.25,974.65,23062
2025-12-24 09:40:00+05:30,974.4,974.9,974.15,974.5,26553
2025-12-24 09:45:00+05:30,974.35,974.5,973.1,973.55,50436
2025-12-24 09:50:00+05:30,973.35,974.7,973.35,974.25,84076
2025-12-24 09:55:00+05:30,973.9,974.3,973.15,974.1,29266
2025-12-24 10:00:00+05:30,974.15,974.2,973.25,973.65,32173
2025-12-24 10:05:00+05:30,973.65,974.55,973.6,974.55,22851
2025-12-24 10:10:00+05:30,974.5,976.35,974.2,976.2,107051
2025-12-24 10:15:00+05:30,976.0,977.3,976.0,976.85,91200
2025-12-24 10:20:00+05:30,976.95,977.25,976.75,977.0,53534
2025-12-24 10:25:00+05:30,977.0,977.0,976.45,976.65,13150
2025-12-24 10:30:00+05:30,976.7,976.9,976.05,976.65,28862
2025-12-24 10:35:00+05:30,976.85,977.05,976.6,977.0,19435
2025-12-24 10:40:00+05:30,977.05,977.2,976.25,976.25,31495
2025-12-24 10:45:00+05:30,976.5,976.6,975.5,975.7,32101
2025-12-24 10:50:00+05:30,975.7,975.75,975.2,975.55,38073
2025-12-24 10:55:00+05:30,975.55,975.6,974.75,975.15,59710
2025-12-24 11:00:00+05:30,975.2,975.5,973.8,974.0,55549
2025-12-24 11:05:00+05:30,973.9,975.2,973.8,975.1,40219
2025-12-24 11:10:00+05:30,974.95,975.45,974.8,975.35,17749
2025-12-24 11:15:00+05:30,975.3,976.05,975.3,975.5,19362
2025-12-24 11:20:00+05:30,975.55,975.95,975.35,975.65,25070
2025-12-24 11:25:00+05:30,975.7,975.95,975.1,975.6,16021
2025-12-24 11:30:00+05:30,975.55,976.45,975.5,976.4,21717
2025-12-24 11:35:00+05:30,976.35,976.45,975.5,975.55,20447
2025-12-24 11:40:00+05:30,975.55,975.7,974.5,974.65,23669
2025-12-24 11:45:00+05:30,974.8,974.95,973.75,974.6,30830
2025-12-24 11:50:00+05:30,974.2,974.9,973.3,973.5,41595
2025-12-24 11:55:00+05:30,973.5,974.25,973.5,973.75,67492
2025-12-24 12:00:00+05:30,973.8,974.2,973.55,973.8,35933
2025-12-24 12:05:00+05:30,974.2,974.5,973.5,973.5,34533
2025-12-24 12:10:00+05:30,973.45,974.4,973.25,974.0,105358
2025-12-24 12:15:00+05:30,974.25,974.5,973.5,973.9,29031
2025-12-24 12:20:00+05:30,974.0,974.55,973.55,973.9,112473
2025-12-24 12:25:00+05:30,973.7,974.25,973.65,974.0,28736
2025-12-24 12:30:00+05:30,973.75,974.25,973.7,974.0,19457
2025-12-24 12:35:00+05:30,974.1,974.2,973.5,973.55,23970
2025-12-24 12:40:00+05:30,973.9,973.95,972.15,972.75,51312
2025-12-24 12:45:00+05:30,972.75,972.95,972.45,972.6,18814
2025-12-24 12:50:00+05:30,972.5,972.75,972.0,972.0,47214
2025-12-24 12:55:00+05:30,972.2,972.4,971.5,972.0,80082
2025-12-24 13:00:00+05:30,971.9,972.6,971.7,972.5,29900
2025-12-24 13:05:00+05:30,972.5,972.65,971.8,972.05,36589
2025-12-24 13:10:00+05:30,972.1,972.25,970.55,970.9,131513
2025-12-24 13:15:00+05:30,971.0,971.0,969.75,969.9,120937
2025-12-24 13:20:00+05:30,969.9,970.0,969.25,969.5,65268
2025-12-24 13:25:00+05:30,969.45,970.0,969.05,970.0,92601
2025-12-24 13:30:00+05:30,970.0,970.0,969.25,970.0,49225
2025-12-24 13:35:00+05:30,969.95,970.0,969.2,969.7,39980
2025-12-24 13:40:00+05:30,969.7,970.0,969.5,970.0,36894
2025-12-24 13:45:00+05:30,969.9,971.0,969.8,971.0,54093
2025-12-24 13:50:00+05:30,970.95,971.4,970.25,970.8,78672
2025-12-24 13:55:00+05:30,970.45,970.8,970.2,970.65,19218
2025-12-24 14:00:00+05:30,970.65,970.65,969.6,970.2,29493
2025-12-24 14:05:00+05:30,970.15,971.15,970.15,970.95,115877
2025-12-24 14:10:00+05:30,971.1,971.25,970.3,971.1,37876
2025-12-24 14:15:00+05:30,971.0,971.4,970.6,971.2,18995
2025-12-24 14:20:00+05:30,971.05,971.2,970.5,970.8,16872
2025-12-24 14:25:00+05:30,970.8,970.85,969.7,970.2,119689
2025-12-24 14:30:00+05:30,970.15,970.75,970.0,970.6,40753
2025-12-24 14:35:00+05:30,970.6,970.8,970.0,970.05,28326
2025-12-24 14:40:00+05:30,970.05,970.7,970.0,970.25,31194
2025-12-24 14:45:00+05:30,970.25,971.1,970.25,970.4,59157
2025-12-24 14:50:00+05:30,970.65,970.8,970.15,970.5,57451
2025-12-24 14:55:00+05:30,970.3,970.5,969.8,970.05,47225
2025-12-24 15:00:00+05:30,970.35,970.5,969.0,969.05,57283
2025-12-24 15:05:00+05:30,969.2,969.45,968.55,968.65,73042
2025-12-24 15:10:00+05:30,968.5,969.15,968.35,968.65,219673
2025-12-24 15:15:00+05:30,968.55,969.7,968.2,968.95,163272
2025-12-24 15:20:00+05:30,968.95,969.5,968.2,968.2,97634
2025-12-24 15:25:00+05:30,968.45,969.35,967.5,968.85,147423
2025-12-26 09:15:00+05:30,968.95,970.1,967.1,968.35,108168
2025-12-26 09:20:00+05:30,968.15,970.0,967.95,968.2,55330
2025-12-26 09:25:00+05:30,968.35,969.65,968.1,969.3,41834
2025-12-26 09:30:00+05:30,969.3,969.75,968.0,968.05,45700
2025-12-26 09:35:00+05:30,968.0,968.2,967.05,967.95,45575
2025-12-26 09:40:00+05:30,967.95,968.7,967.8,968.3,20918
2025-12-26 09:45:00+05:30,968.4,969.0,968.15,968.8,19575
2025-12-26 09:50:00+05:30,968.7,968.95,968.2,968.45,20992
2025-12-26 09:55:00+05:30,968.45,969.65,968.25,969.0,20474
2025-12-26 10:00:00+05:30,969.3,969.7,968.15,968.85,41636
2025-12-26 10:05:00+05:30,968.6,968.9,968.0,968.1,23585
2025-12-26 10:10:00+05:30,968.0,968.25,967.6,968.2,13645
2025-12-26 10:15:00+05:30,968.1,968.25,967.45,967.45,9770
2025-12-26 10:20:00+05:30,967.5,967.7,966.5,966.7,39245
2025-12-26 10:25:00+05:30,966.65,966.95,966.15,966.55,40691
2025-12-26 10:30:00+05:30,966.55,967.4,966.5,967.35,23402
2025-12-26 10:35:00+05:30,967.45,967.95,967.0,967.6,37720
2025-12-26 10:40:00+05:30,967.75,968.2,966.55,967.45,34563
2025-12-26 10:45:00+05:30,967.3,967.8,967.2,967.3,11951
2025-12-26 10:50:00+05:30,967.5,968.8,967.1,968.3,23388
2025-12-26 10:55:00+05:30,968.3,968.4,967.15,967.7,11369
2025-12-26 11:00:00+05:30,967.8,967.9,967.3,967.5,8314
2025-12-26 11:05:00+05:30,967.35,967.5,966.5,966.75,22298
2025-12-26 11:10:00+05:30,966.85,967.55,966.6,966.7,14358
2025-12-26 11:15:00+05:30,966.8,967.0,966.25,966.4,23462
2025-12-26 11:20:00+05:30,966.65,966.65,966.0,966.25,21437
2025-12-26 11:25:00+05:30,966.25,966.55,965.8,966.2,21191
2025-12-26 11:30:00+05:30,965.9,966.15,965.1,965.25,30214
2025-12-26 11:35:00+05:30,965.25,965.75,965.0,965.05,27704
2025-12-26 11:40:00+05:30,965.2,965.65,965.05,965.55,12594
2025-12-26 11:45:00+05:30,965.65,965.65,965.0,965.15,15196
2025-12-26 11:50:00+05:30,965.05,965.4,964.75,964.95,30315
2025-12-26 11:55:00+05:30,964.9,965.5,964.9,965.1,9991
2025-12-26 12:00:00+05:30,965.2,965.4,964.95,964.95,10922
2025-12-26 12:05:00+05:30,965.0,966.5,965.0,966.5,34145
2025-12-26 12:10:00+05:30,966.5,967.45,966.3,966.4,63359
2025-12-26 12:15:00+05:30,966.35,966.95,966.0,966.75,24871
2025-12-26 12:20:00+05:30,966.8,967.9,966.6,967.65,40163
2025-12-26 12:25:00+05:30,967.35,967.8,966.9,967.1,17967
2025-12-26 12:30:00+05:30,967.3,967.3,966.3,967.1,23317
2025-12-26 12:35:00+05:30,967.1,967.4,966.55,967.0,37149
2025-12-26 12:40:00+05:30,966.95,967.3,966.0,967.25,49670
2025-12-26 12:45:00+05:30,966.95,967.4,966.95,967.4,12982
2025-12-26 12:50:00+05:30,967.35,967.95,967.05,967.9,22305
2025-12-26 12:55:00+05:30,967.9,967.9,967.0,967.35,45523
2025-12-26 13:00:00+05:30,967.4,967.4,966.85,967.1,22955
2025-12-26 13:05:00+05:30,967.2,967.4,967.0,967.25,16809
2025-12-26 13:10:00+05:30,967.3,967.95,967.0,967.9,24390
2025-12-26 13:15:00+05:30,967.95,968.3,967.8,968.05,55387
2025-12-26 13:20:00+05:30,968.05,969.8,967.95,968.95,56904
2025-12-26 13:25:00+05:30,969.0,970.6,968.8,970.3,79895
2025-12-26 13:30:00+05:30,970.1,970.7,969.95,970.05,47687
2025-12-26 13:35:00+05:30,970.0,970.55,970.0,970.5,30908
2025-12-26 13:40:00+05:30,970.55,971.0,970.05,970.9,34937
2025-12-26 13:45:00+05:30,970.85,971.0,970.35,971.0,26816
2025-12-26 13:50:00+05:30,970.95,971.0,970.05,970.5,30386
2025-12-26 13:55:00+05:30,970.4,970.7,970.0,970.0,31094
2025-12-26 14:00:00+05:30,970.25,970.55,970.0,970.5,31735
2025-12-26 14:05:00+05:30,970.2,970.45,969.05,969.5,45408
2025-12-26 14:10:00+05:30,969.45,969.5,968.65,969.5,28319
2025-12-26 14:15:00+05:30,969.5,969.5,968.2,968.8,37524
2025-12-26 14:20:00+05:30,968.75,968.85,968.2,968.45,30637
2025-12-26 14:25:00+05:30,968.45,968.5,967.7,968.15,67651
2025-12-26 14:30:00+05:30,968.0,968.45,967.9,968.4,35415
2025-12-26 14:35:00+05:30,968.15,968.4,967.6,967.95,42755
2025-12-26 14:40:00+05:30,967.95,968.35,967.7,968.3,35170
2025-12-26 14:45:00+05:30,968.3,968.5,966.2,966.2,365792
2025-12-26 14:50:00+05:30,966.25,966.9,966.25,966.7,39536
2025-12-26 14:55:00+05:30,966.6,967.0,966.4,967.0,101296
2025-12-26 15:00:00+05:30,967.0,967.05,966.55,966.8,98978
2025-12-26 15:05:00+05:30,966.8,966.95,966.35,966.6,49672
2025-12-26 15:10:00+05:30,966.6,966.7,966.3,966.45,77395
2025-12-26 15:15:00+05:30,966.5,966.55,966.05,966.15,102202
2025-12-26 15:20:00+05:30,966.35,966.45,965.9,966.2,128807
2025-12-26 15:25:00+05:30,966.15,966.6,965.85,966.5,181977
2025-12-29 09:15:00+05:30,966.9,968.9,964.65,966.8,109591
2025-12-29 09:20:00+05:30,966.5,967.45,966.3,967.05,55084
2025-12-29 09:25:00+05:30,966.8,967.05,964.35,965.0,61383
2025-12-29 09:30:00+05:30,965.05,965.6,964.5,965.6,36855
2025-12-29 09:35:00+05:30,965.45,966.8,965.1,965.5,41181
2025-12-29 09:40:00+05:30,965.85,965.95,964.2,965.25,94750
2025-12-29 09:45:00+05:30,965.5,966.0,965.1,965.55,20360
2025-12-29 09:50:00+05:30,965.7,966.15,964.6,964.85,24329
2025-12-29 09:55:00+05:30,964.9,965.0,962.4,963.0,69860
2025-12-29 10:00:00+05:30,963.0,963.35,961.95,962.1,42286
2025-12-29 10:05:00+05:30,962.1,962.75,962.0,962.4,23512
2025-12-29 10:10:00+05:30,962.55,962.8,962.0,962.55,16154
2025-12-29 10:15:00+05:30,962.4,962.7,962.05,962.15,16374
2025-12-29 10:20:00+05:30,962.3,962.6,961.8,962.4,32658
2025-12-29 10:25:00+05:30,962.3,963.15,962.3,962.4,25602
2025-12-29 10:30:00+05:30,962.55,962.95,962.15,962.55,17122
2025-12-29 10:35:00+05:30,962.65,962.8,962.2,962.65,10833
2025-12-29 10:40:00+05:30,962.35,962.8,961.55,961.6,32964
2025-12-29 10:45:00+05:30,961.75,962.7,961.45,962.6,44113
2025-12-29 10:50:00+05:30,962.35,963.0,962.1,962.65,33290
2025-12-29 10:55:00+05:30,962.65,962.85,962.1,962.35,20958
2025-12-29 11:00:00+05:30,962.45,962.65,961.6,961.6,25168
2025-12-29 11:05:00+05:30,961.9,962.55,961.55,962.2,16308
2025-12-29 11:10:00+05:30,962.25,962.95,961.85,962.8,51827
2025-12-29 11:15:00+05:30,962.75,962.95,962.3,962.4,17441
2025-12-29 11:20:00+05:30,962.55,962.8,962.05,962.4,25085
2025-12-29 11:25:00+05:30,962.55,963.0,962.0,962.95,46300
2025-12-29 11:30:00+05:30,962.95,963.6,962.5,963.1,42047
2025-12-29 11:35:00+05:30,963.35,963.5,962.7,962.8,24726
2025-12-29 11:40:00+05:30,963.0,963.4,962.75,963.0,16470
2025-12-29 11:45:00+05:30,963.0,963.35,962.55,962.8,19183
2025-12-29 11:50:00+05:30,962.8,963.3,962.65,963.0,15603
2025-12-29 11:55:00+05:30,963.2,963.25,962.2,962.65,43246
2025-12-29 12:00:00+05:30,962.7,963.3,962.6,963.05,14532
2025-12-29 12:05:00+05:30,963.0,963.35,962.95,963.05,24219
2025-12-29 12:10:00+05:30,963.1,963.35,962.55,963.15,20244
2025-12-29 12:15:00+05:30,963.05,964.9,962.7,964.7,54396
2025-12-29 12:20:00+05:30,964.75,965.0,964.25,964.8,44771
2025-12-29 12:25:00+05:30,964.65,965.3,964.35,964.9,54710
2025-12-29 12:30:00+05:30,964.9,965.6,963.95,963.95,64398
2025-12-29 12:35:00+05:30,963.95,964.25,963.55,963.85,27968
2025-12-29 12:40:00+05:30,963.85,964.1,963.45,963.85,61792
2025-12-29 12:45:00+05:30,963.95,964.5,963.8,964.25,29276
2025-12-29 12:50:00+05:30,964.25,964.4,963.7,964.25,31866
2025-12-29 12:55:00+05:30,964.3,964.5,963.55,964.35,63258
2025-12-29 13:00:00+05:30,964.45,964.6,964.1,964.35,27793
2025-12-29 13:05:00+05:30,964.35,964.45,964.3,964.3,114
